displayName,email,photoURL,uId,uploadedVieos,Favorites
Trenna Blose,tblose0@ucoz.ru,http://dummyimage.com/100x100.png/dddddd/000000,01J1A8ZCX5GFCVTHKTJ67N4K48,"",""
Cosme Konig,ckonig1@shareasale.com,http://dummyimage.com/100x100.png/ff4444/ffffff,01J1A8ZCX6N4DHQVNGQ07PR6Z6,"",""
Melissa Ames,mames2@liveinternet.ru,http://dummyimage.com/100x100.png/ff4444/ffffff,01J1A8ZCX6DV4YF1RPDJR1QBC2,"",""
Mufi Feather,mfeather3@hc360.com,http://dummyimage.com/100x100.png/cc0000/ffffff,01J1A8ZCX7XJKVXWJEAM457GP5,"",""
Liliane Dabnor,ldabnor4@uol.com.br,http://dummyimage.com/100x100.png/cc0000/ffffff,01J1A8ZCX7B6CZ8KGWS03VCPFN,"",""
Der Blanchette,dblanchette5@istockphoto.com,http://dummyimage.com/100x100.png/5fa2dd/ffffff,01J1A8ZCX8C1ZM1KT5M7QF4HVZ,"",""
Syd Groves,sgroves6@oaic.gov.au,http://dummyimage.com/100x100.png/cc0000/ffffff,01J1A8ZCX8R0Q1FQKCW85T5JP1,"",""
Killie Blythin,kblythin7@wordpress.com,http://dummyimage.com/100x100.png/5fa2dd/ffffff,01J1A8ZCX81KFB7NKZ1VM0FF71,"",""
Lyssa Lichfield,llichfield8@nps.gov,http://dummyimage.com/100x100.png/dddddd/000000,01J1A8ZCX9RZEY5BKTVEHA6Q5F,"",""
Brunhilde Roskruge,broskruge9@stanford.edu,http://dummyimage.com/100x100.png/5fa2dd/ffffff,01J1A8ZCX9TKQEZF20PXREY6ZF,"",""
